"Interface","Interface Type","Management Profile","Link State","IP Address","Virtual Router","Tag","VLAN / Virtual Wire","Virtual System","Security Zone","SD WAN Interface Profile","Upstream NAT","Features","Comment"
"ethernet1/1","Layer3","","ethernet1/1: configured but down","none","none","Untagged","none","vsys1","none","","Disabled","",""
"ethernet1/2","Layer3","","ethernet1/2: configured but down","none","none","Untagged","none","vsys1","none","","Disabled","",""
"ethernet1/3","Layer3","","ethernet1/3: configured but down","none","none","Untagged","none","vsys1","none","","Disabled","",""
"ethernet1/4","","","ethernet1/4: not configured and down","none","none","Untagged","none","none","none","","Disabled","",""
"ethernet1/5","Aggregate (ae1)","","Link Speed: 10000 Mbps;Link Duplex: full;ethernet1/5: configured and up","none","none","Untagged","none","none","none","","Disabled","",""
"ethernet1/6","Aggregate (ae1)","","Link Speed: 10000 Mbps;Link Duplex: full;ethernet1/6: configured and up","none","none","Untagged","none","none","none","","Disabled","",""
"ethernet1/7","Layer3","","Link Speed: 10000 Mbps;Link Duplex: full;ethernet1/7: configured but down","none","none","Untagged","none","vsys1","none","","Disabled","",""
"ethernet1/8","Layer3","","Link Speed: 10000 Mbps;Link Duplex: full;ethernet1/8: configured but down","none","none","Untagged","none","vsys1","none","","Disabled","",""
"ethernet1/9","Aggregate (ae5)","","Link Speed: 10000 Mbps;Link Duplex: full;ethernet1/9: configured and up","none","none","Untagged","none","none","none","","Disabled","",""
"ethernet1/10","Aggregate (ae5)","","Link Speed: 10000 Mbps;Link Duplex: full;ethernet1/10: configured and up","none","none","Untagged","none","none","none","","Disabled","",""
"ethernet1/11","Layer3","","Link Speed: 10000 Mbps;Link Duplex: full;ethernet1/11: configured but down","none","none","Untagged","none","vsys1","none","","Disabled","",""
"ethernet1/12","Layer3","","Link Speed: 10000 Mbps;Link Duplex: full;ethernet1/12: configured but down","none","none","Untagged","none","vsys1","none","","Disabled","",""
"ethernet1/13","Layer3","","Link Speed: 10000 Mbps;Link Duplex: full;ethernet1/13: configured but down","none","none","Untagged","none","vsys1","none","","Disabled","",""
"ethernet1/14","Layer3","","Link Speed: 10000 Mbps;Link Duplex: full;ethernet1/14: configured but down","none","none","Untagged","none","vsys1","none","","Disabled","",""
"ethernet1/15","Aggregate (ae5)","","Link Speed: 10000 Mbps;Link Duplex: full;ethernet1/15: configured and up","none","none","Untagged","none","none","none","","Disabled","",""
"ethernet1/16","Aggregate (ae6)","","Link Speed: 10000 Mbps;Link Duplex: full;ethernet1/16: configured and up","none","none","Untagged","none","none","none","","Disabled","",""
"ethernet1/17","Aggregate (ae6)","","Link Speed: 10000 Mbps;Link Duplex: full;ethernet1/17: configured and up","none","none","Untagged","none","none","none","","Disabled","",""
"ethernet1/18","Aggregate (ae6)","","Link Speed: 10000 Mbps;Link Duplex: full;ethernet1/18: configured and up","none","none","Untagged","none","none","none","","Disabled","",""
"ethernet1/19","HA","","Link Speed: 10000 Mbps;Link Duplex: full;ethernet1/19: configured and up","none","none","Untagged","none","none","none","","Disabled","","HA2 - primary link"
"ethernet1/20","HA","","Link Speed: 10000 Mbps;Link Duplex: full;ethernet1/20: configured and up","none","none","Untagged","none","none","none","","Disabled","","HA2 - backup link"
"ethernet1/21","","","Link Speed: 100000 Mbps;Link Duplex: full;ethernet1/21: not configured and down","none","none","Untagged","none","none","none","","Disabled","",""
"ethernet1/22","","","Link Speed: 100000 Mbps;Link Duplex: full;ethernet1/22: not configured and down","none","none","Untagged","none","none","none","","Disabled","",""
"ethernet1/23","","","Link Speed: 100000 Mbps;Link Duplex: full;ethernet1/23: not configured and down","none","none","Untagged","none","none","none","","Disabled","",""
"ethernet1/24","Layer3","","Link Speed: 100000 Mbps;Link Duplex: full;ethernet1/24: configured but down","none","none","Untagged","none","none","none","","Disabled","","Northbound_To_TR01-02"
"ae1","Layer3","","Type: lacp;State: Enabled;Mode: Passive;Local Key: 16;Local MAC: 08:30:6b:83:ec:01;Local Priority: 32768;Partner Key: 110;Partner MAC: a8:4f:b1:14:5a:a3;Partner Priority: 32768;Member (ethernet1/5): active;Member (ethernet1/6): active","none","none","Untagged","none","vsys1","none","","Disabled","LACP Enable","Existing data"
"ae1.2","Layer3","Allow-Ping","ae1.2: unknown","10.30.2.250/24","BKH-VR-VSYS-TQ-DR","2","none","TUNSW-BKH-PA-TQ-DR-FW","BKH-TQDR-Services","","Disabled","","none"
"ae1.3","Layer3","Allow-Ping","ae1.3: unknown","10.30.3.250/24","BKH-VR-VSYS-TQ-DR","3","none","TUNSW-BKH-PA-TQ-DR-FW","BKH-TQDR-Services","","Disabled","","none"
"ae1.4","Layer3","Allow-Ping","ae1.4: unknown","10.30.4.250/24","BKH-VR-VSYS-TQ-DR","4","none","TUNSW-BKH-PA-TQ-DR-FW","BKH-TQDR-Services","","Disabled","","TQ_Infrastructure_Management"
"ae1.8","Layer3","Allow-Ping","ae1.8: unknown","10.30.108.250/24","BKH-VR-VSYS-TQ-DR","8","none","TUNSW-BKH-PA-TQ-DR-FW","BKH-TQDR-Services","","Disabled","","NET_BTP_StreamsTraining"
"ae1.11","Layer3","Allow-Ping","ae1.11: unknown","10.30.11.250/24","BKH-VR-VSYS-TQ-DR","11","none","TUNSW-BKH-PA-TQ-DR-FW","BKH-TQDR-Services","","Disabled","","NSW-FW-HANDOFF"
"ae1.12","Layer3","Allow-Ping","ae1.12: unknown","10.30.0.250/24","BKH-VR-VSYS-TQ-DR","12","none","TUNSW-BKH-PA-TQ-DR-FW","BKH-TQDR-Services","","Disabled","","TQ_DR_ADMIN"
"ae1.14","Layer3","Allow-Ping","ae1.14: unknown","10.30.8.250/24","BKH-VR-VSYS-TQ-DR","14","none","TUNSW-BKH-PA-TQ-DR-FW","BKH-TQDR-Services","","Disabled","","none"
"ae1.15","Layer3","Allow-Ping","ae1.15: unknown","10.30.12.250/24","BKH-VR-VSYS-TQ-DR","15","none","TUNSW-BKH-PA-TQ-DR-FW","BKH-TQDR-Services","","Disabled","DHCP Relay","none"
"ae1.16","Layer3","Allow-Ping","ae1.16: unknown","10.30.16.250/24","BKH-VR-VSYS-TQ-DR","16","none","TUNSW-BKH-PA-TQ-DR-FW","BKH-TQDR-Services","","Disabled","DHCP Relay","TQ_Infrastructure_CCTV"
"ae1.17","Layer3","Allow-Ping","ae1.17: unknown","10.30.20.250/24","BKH-VR-VSYS-TQ-DR","17","none","TUNSW-BKH-PA-TQ-DR-FW","BKH-TQDR-Services","","Disabled","","none"
"ae1.19","Layer3","Allow-Ping","ae1.19: unknown","10.5.6.1/24","BKH-VR-VSYS-DEVTEST","19","none","TUNSW-BKH-PA-DEVTEST-FW","BKH-DEVTEST-Services","","Disabled","","NSW_DEV"
"ae1.21","Layer3","Allow-Ping","ae1.21: unknown","10.30.21.250/24","BKH-VR-VSYS-TQ-DR","21","none","TUNSW-BKH-PA-TQ-DR-FW","BKH-TQDR-Services","","Disabled","DHCP Relay","none"
"ae1.31","Layer3","Allow-Ping","ae1.31: unknown","172.17.121.1/24","BKH-VR-VSYS-DEVTEST","31","none","TUNSW-BKH-PA-DEVTEST-FW","BKH-DEVTEST-Services","","Disabled","DHCP Relay","Accenture_GLIDe_DEV"
"ae1.37","Layer3","Allow-Ping","ae1.37: unknown","192.168.37.1/24","BKH-VR-VSYS-DEVTEST","37","none","TUNSW-BKH-PA-DEVTEST-FW","BKH-DEVTEST-Services","","Disabled","DHCP Relay","SHAREPOINT-DEV-USER-BKH"
"ae1.45","Layer3","Allow-Ping","ae1.45: unknown","192.168.45.1/24","BKH-VR-VSYS-CORP-DR","45","none","TUNSW-BKH-PA-CORP-DR-FW","BKH-CORPDR-Services","","Disabled","","Infra-DR-Test"
"ae1.53","Layer3","Allow-Ping","ae1.53: unknown","192.168.53.1/24","BKH-VR-VSYS-DEVTEST","53","none","TUNSW-BKH-PA-DEVTEST-FW","BKH-DEVTEST-Services","","Disabled","","Waratah-Sandbox"
"ae1.58","Layer3","Allow-Ping","ae1.58: unknown","10.144.11.1/25","BKH-VR-VSYS-TOLL","58","none","TUNSW-BKH-PA-TOLL-FW","BKH-TOLL-Services","","Disabled","","NES_prod_DR_DB_server"
"ae1.63","Layer3","Allow-Ping","ae1.63: unknown","10.30.52.250/24","BKH-VR-VSYS-TQ-DR","63","none","TUNSW-BKH-PA-TQ-DR-FW","BKH-TQDR-Services","","Disabled","DHCP Relay","TQ_dev-FFT-DRClient"
"ae1.64","Layer3","Allow-Ping","ae1.64: unknown","10.30.53.250/24","BKH-VR-VSYS-TQ-DR","64","none","TUNSW-BKH-PA-TQ-DR-FW","BKH-TQDR-Services","","Disabled","DHCP Relay","TQ_dev-FFT-DRMgmt"
"ae1.68","Layer3","Allow-Ping","ae1.68: unknown","10.30.57.250/24","BKH-VR-VSYS-TQ-DR","68","none","TUNSW-BKH-PA-TQ-DR-FW","BKH-TQDR-Services","","Disabled","DHCP Relay","TQ_prod-pri-sys-P-data"
"ae1.69","Layer3","Allow-Ping","ae1.69: unknown","10.30.58.250/24","BKH-VR-VSYS-TQ-DR","69","none","TUNSW-BKH-PA-TQ-DR-FW","BKH-TQDR-Services","","Disabled","DHCP Relay","TQ_prod-pri-sys-P-man"
"ae1.79","Layer3","Allow-Ping","ae1.79: unknown","10.10.1.1/24","BKH-VR-VSYS-TOLL-DR","79","none","TUNSW-BKH-PA-TOLL-DR-FW","BKH-TOLLDR-Services","","Disabled","","GLIDe_DR_external_vip"
"ae1.81","Layer3","Allow-Ping","ae1.81: unknown","10.10.7.1/24","BKH-VR-VSYS-TOLL-DR","81","none","TUNSW-BKH-PA-TOLL-DR-FW","BKH-TOLLDR-Services","","Disabled","","GLIDE_DR_admin_vip"
"ae1.82","Layer3","Allow-Ping","ae1.82: unknown","172.19.2.1/24","BKH-VR-VSYS-TOLL-DR","82","none","TUNSW-BKH-PA-TOLL-DR-FW","BKH-TOLLDR-Services","","Disabled","","VLAN0082"
"ae1.90","Layer3","Allow-Ping","ae1.90: unknown","10.30.90.250/24","BKH-VR-VSYS-TQ-DR","90","none","TUNSW-BKH-PA-TQ-DR-FW","BKH-TQDR-Services","","Disabled","DHCP Relay","TQ_Internet_Services"
"ae1.92","Layer3","Allow-Ping","ae1.92: unknown","172.17.140.1/24","BKH-VR-VSYS-DEVTEST","92","none","TUNSW-BKH-PA-DEVTEST-FW","BKH-DEVTEST-Services","","Disabled","","GLIDe_App_Dat_Dev"
"ae1.93","Layer3","Allow-Ping","ae1.93: unknown","192.168.93.1/24","BKH-VR-VSYS-TOLL","93","none","TUNSW-BKH-PA-TOLL-FW","BKH-TOLL-Services","","Disabled","","GLIDe_App_Prod_Stnby"
"ae1.96","Layer3","Allow-Ping","ae1.96: unknown","192.168.96.1/24","BKH-VR-VSYS-TOLL","96","none","TUNSW-BKH-PA-TOLL-FW","BKH-TOLL-Services","","Disabled","","GLIDe_Datstg_Migrate"
"ae1.103","Layer3","Allow-Ping","ae1.103: unknown","10.8.103.250/24","BKH-VR-VSYS-CORP","103","none","TUNSW-BKH-PA-CORP-FW","BKH-CORP-Services","","Disabled","DHCP Relay","TQ_Esx_DR_Linux-Apps"
"ae1.104","Layer3","Allow-Ping","ae1.104: unknown","10.30.104.250/24","BKH-VR-VSYS-TQ-DR","104","none","TUNSW-BKH-PA-TQ-DR-FW","BKH-TQDR-Services","","Disabled","DHCP Relay","TQ_Esx_DR_Windows-Apps"
"ae1.105","Layer3","Allow-Ping","ae1.105: unknown","10.30.105.250/24","BKH-VR-VSYS-TQ-DR","105","none","TUNSW-BKH-PA-TQ-DR-FW","BKH-TQDR-Services","","Disabled","","TQ_Esx_DR_Legacy"
"ae1.106","Layer3","Allow-Ping","ae1.106: unknown","10.30.106.250/24","BKH-VR-VSYS-TQ-DR","106","none","TUNSW-BKH-PA-TQ-DR-FW","BKH-TQDR-Services","","Disabled","","TQ_DR_Toll_Service"
"ae1.107","Layer3","Allow-Ping","ae1.107: unknown","10.144.14.1/24","BKH-VR-VSYS-DEVTEST","107","none","TUNSW-BKH-PA-DEVTEST-FW","BKH-DEVTEST-Services","","Disabled","","trust_epodatabase_server"
"ae1.108","Layer3","Allow-Ping","ae1.108: unknown","10.144.13.1/24","BKH-VR-VSYS-DEVTEST","108","none","TUNSW-BKH-PA-DEVTEST-FW","BKH-DEVTEST-Services","","Disabled","","semi_trust_epo_app_server"
"ae1.109","Layer3","Allow-Ping","ae1.109: unknown","10.30.109.250/24","BKH-VR-VSYS-TQ-DR","109","none","TUNSW-BKH-PA-TQ-DR-FW","BKH-TQDR-Services","","Disabled","","untrust_Agent_Handler"
"ae1.117","Layer3","Allow-Ping","ae1.117: unknown","10.144.16.1/24","BKH-VR-VSYS-DEVTEST","117","none","TUNSW-BKH-PA-DEVTEST-FW","BKH-DEVTEST-Services","","Disabled","","trust_epodatabase_server_second"
"ae1.118","Layer3","Allow-Ping","ae1.118: unknown","10.144.15.1/24","BKH-VR-VSYS-DEVTEST","118","none","TUNSW-BKH-PA-DEVTEST-FW","BKH-DEVTEST-Services","","Disabled","","semi_trust_epo_app_server_second"
"ae1.133","Layer3","Allow-Ping","ae1.133: unknown","10.8.133.250/24","BKH-VR-VSYS-CORP","133","none","TUNSW-BKH-PA-CORP-FW","BKH-CORP-Services","","Disabled","","TQ_DR_Prod_Secure"
"ae1.141","Layer3","Allow-Ping","ae1.141: unknown","172.17.141.1/24","BKH-VR-VSYS-DEVTEST","141","none","TUNSW-BKH-PA-DEVTEST-FW","BKH-DEVTEST-Services","","Disabled","","bkh_waratah_ld_test"
"ae1.142","Layer3","Allow-Ping","ae1.142: unknown","172.17.142.1/24","BKH-VR-VSYS-TOLL","142","none","TUNSW-BKH-PA-TOLL-FW","BKH-TOLL-Services","","Disabled","","GLIDe_Prod_Deployment"
"ae1.144","Layer3","Allow-Ping","ae1.144: unknown","172.17.144.1/21","BKH-VR-VSYS-DEVTEST","144","none","TUNSW-BKH-PA-DEVTEST-FW","BKH-DEVTEST-Services","","Disabled","","GLIDe_Development"
"ae1.150","Layer3","Allow-Ping","ae1.150: unknown","192.168.150.1/24","BKH-VR-VSYS-CORP","150","none","TUNSW-BKH-PA-CORP-FW","BKH-CORP-Services","","Disabled","","bkh_srv_mgmt"
"ae1.152","Layer3","Allow-Ping","ae1.152: unknown","192.168.152.254/24","BKH-VR-VSYS-CORP","152","none","TUNSW-BKH-PA-CORP-FW","BKH-CORP-Services","","Disabled","","bkh_net_mgmt"
"ae1.160","Layer3","Allow-Ping","ae1.160: unknown","10.30.163.250/22","BKH-VR-VSYS-TQ-DR","160","none","TUNSW-BKH-PA-TQ-DR-FW","BKH-TQDR-Services","","Disabled","DHCP Relay","TQ_General_Users"
"ae1.164","Layer3","Allow-Ping","ae1.164: unknown","10.30.164.250/24","BKH-VR-VSYS-TQ-DR","164","none","TUNSW-BKH-PA-TQ-DR-FW","BKH-TQDR-Services","","Disabled","DHCP Relay","TUAcc_SSID"
"ae1.165","Layer3","Allow-Ping","ae1.165: unknown","10.30.165.250/24","BKH-VR-VSYS-TQ-DR","165","none","TUNSW-BKH-PA-TQ-DR-FW","BKH-TQDR-Services","","Disabled","DHCP Relay","none"
"ae1.166","Layer3","Allow-Ping","ae1.166: unknown","10.30.166.250/24","BKH-VR-VSYS-TQ-DR","166","none","TUNSW-BKH-PA-TQ-DR-FW","BKH-TQDR-Services","","Disabled","DHCP Relay","none"
"ae1.167","Layer3","Allow-Ping","ae1.167: unknown","10.30.167.250/24","BKH-VR-VSYS-TQ-DR","167","none","TUNSW-BKH-PA-TQ-DR-FW","BKH-TQDR-Services","","Disabled","","TQ_Terminal_Servers"
"ae1.174","Layer3","Allow-Ping","ae1.174: unknown","192.168.174.1/24","BKH-VR-VSYS-DEVTEST","174","none","TUNSW-BKH-PA-DEVTEST-FW","BKH-DEVTEST-Services","","Disabled","","BKH-DEV-CONFIDENTIAL-WEB"
"ae1.175","Layer3","Allow-Ping","ae1.175: unknown","192.168.175.1/24","BKH-VR-VSYS-DEVTEST","175","none","TUNSW-BKH-PA-DEVTEST-FW","BKH-DEVTEST-Services","","Disabled","","BKH-DEV-CONFIDENTIAL-APP"
"ae1.176","Layer3","Allow-Ping","ae1.176: unknown","192.168.176.1/24","BKH-VR-VSYS-DEVTEST","176","none","TUNSW-BKH-PA-DEVTEST-FW","BKH-DEVTEST-Services","","Disabled","","BKH-DEV-CONFIDENTIAL-DB"
"ae1.184","Layer3","Allow-Ping","ae1.184: unknown","10.144.1.1/24","BKH-VR-VSYS-DEVTEST","184","none","TUNSW-BKH-PA-DEVTEST-FW","BKH-DEVTEST-Services","","Disabled","","BKH-DEV-CompConfidential-WebApp"
"ae1.185","Layer3","Allow-Ping","ae1.185: unknown","10.144.2.1/24","BKH-VR-VSYS-DEVTEST","185","none","TUNSW-BKH-PA-DEVTEST-FW","BKH-DEVTEST-Services","","Disabled","","BKH-DEV-CompConfidential-DB"
"ae1.200","Layer3","Allow-Ping","ae1.200: unknown","10.8.200.250/24","BKH-VR-VSYS-TQ-DR","200","none","TUNSW-BKH-PA-TQ-DR-FW","BKH-TQDR-Services","","Disabled","","none"
"ae1.203","Layer3","Allow-Ping","ae1.203: unknown","10.30.203.250/24","BKH-VR-VSYS-TQ-DR","203","none","TUNSW-BKH-PA-TQ-DR-FW","BKH-TQDR-Services","","Disabled","DHCP Relay","TQ_Non-Prod_Apps"
"ae1.204","Layer3","Allow-Ping","ae1.204: unknown","192.168.204.1/24","BKH-VR-VSYS-CORP","204","none","TUNSW-BKH-PA-CORP-FW","BKH-CORP-Services","","Disabled","","NSW_SHARED_SERVICES_DB_STANDBY"
"ae1.205","Layer3","Allow-Ping","ae1.205: unknown","10.30.205.250/24","BKH-VR-VSYS-TQ-DR","205","none","TUNSW-BKH-PA-TQ-DR-FW","BKH-TQDR-Services","","Disabled","","none"
"ae1.206","Layer3","Allow-Ping","ae1.206: unknown","192.168.206.1/24","BKH-VR-VSYS-TOLL-DR","206","none","TUNSW-BKH-PA-TOLL-DR-FW","BKH-TOLLDR-Services","","Disabled","","VIC_SHARED_SERVICES_APP"
"ae1.207","Layer3","Allow-Ping","ae1.207: unknown","192.168.207.1/24","BKH-VR-VSYS-CORP-DR","207","none","TUNSW-BKH-PA-CORP-DR-FW","BKH-CORPDR-Services","","Disabled","","VIC_Protected_App_LAN_DR"
"ae1.209","Layer3","Allow-Ping","ae1.209: unknown","192.168.209.254/24","BKH-VR-VSYS-CORP-DR","209","none","TUNSW-BKH-PA-CORP-DR-FW","BKH-CORPDR-Services","","Disabled","","Corp_Internal_Web_LAN_DR"
"ae1.210","Layer3","Allow-Ping","ae1.210: unknown","192.168.210.254/24","BKH-VR-VSYS-CORP-DR","210","none","TUNSW-BKH-PA-CORP-DR-FW","BKH-CORPDR-Services","","Disabled","","Corp_App_and_DB_LAN_DR"
"ae1.230","Layer3","Allow-Ping","ae1.230: unknown","192.168.230.1/24","BKH-VR-VSYS-CORP","230","none","TUNSW-BKH-PA-CORP-FW","BKH-CORP-Services","","Disabled","","Corp_Infrastructure_Services"
"ae1.233","Layer3","Allow-Ping","ae1.233: unknown","10.8.233.250/24","BKH-VR-VSYS-CORP","233","none","TUNSW-BKH-PA-CORP-FW","BKH-CORP-Services","","Disabled","DHCP Relay","VLAN233_CS-Data_NonProduction"
"ae1.244","Layer3","Allow-Ping","ae1.244: unknown","10.144.3.1/24","BKH-VR-VSYS-CORP","244","none","TUNSW-BKH-PA-CORP-FW","BKH-CORP-Services","","Disabled","","BKH-PROD-CompConfidential-WebApp"
"ae1.245","Layer3","Allow-Ping","ae1.245: unknown","10.144.4.1/24","BKH-VR-VSYS-CORP","245","none","TUNSW-BKH-PA-CORP-FW","BKH-CORP-Services","","Disabled","","BKH-PROD-CompConfidential-DB"
"ae1.246","Layer3","Allow-Ping","ae1.246: unknown","10.144.5.1/24","BKH-VR-VSYS-DEVTEST","246","none","TUNSW-BKH-PA-DEVTEST-FW","BKH-DEVTEST-Services","","Disabled","","BKH-Dev-SharedServices-App"
"ae1.247","Layer3","Allow-Ping","ae1.247: unknown","10.144.7.1/24","BKH-VR-VSYS-CORP","247","none","TUNSW-BKH-PA-CORP-FW","BKH-CORP-Services","","Disabled","","BKH-PROD-HighlyConfident-WebApp"
"ae1.248","Layer3","Allow-Ping","ae1.248: unknown","10.144.8.1/24","BKH-VR-VSYS-CORP","248","none","TUNSW-BKH-PA-CORP-FW","BKH-CORP-Services","","Disabled","","BKH-PROD-HighlyConfidential-DB"
"ae1.249","Layer3","Allow-Ping","ae1.249: unknown","10.144.9.1/24","BKH-VR-VSYS-CORP","249","none","TUNSW-BKH-PA-CORP-FW","BKH-CORP-Services","","Disabled","","BKH_Protected_App_LAN"
"ae1.250","Layer3","Allow-NW-MGMT-Traffic","ae1.250: unknown","10.30.250.251/24","BKH-VR-VSYS-TQ-DR","250","none","TUNSW-BKH-PA-TQ-DR-FW","BKH-TQDR-LAN_Core","","Disabled","Netflow Profile: Netflow-Servers","TQ_Link-to-FW"
"ae1.251","Layer3","Allow-Ping","ae1.251: unknown","10.144.12.1/24","BKH-VR-VSYS-CORP","251","none","TUNSW-BKH-PA-CORP-FW","BKH-CORP-Services","","Disabled","","BKH-Prod-SharedServices-App"
"ae1.400","Layer3","Allow-Ping","ae1.400: unknown","172.17.100.254/24","BKH-VR-VSYS-CORP-DR","400","none","TUNSW-BKH-PA-CORP-DR-FW","BKH-CORPDR-Services","","Disabled","","Corp_colo-lan-DR"
"ae1.430","Layer3","Allow-Ping","ae1.430: unknown","10.144.33.254/23","BKH-VR-VSYS-CORP","430","none","TUNSW-BKH-PA-CORP-FW","BKH-CORP-Services","","Disabled","","UCP_Management"
"ae1.434","Layer3","Allow-Ping","ae1.434: unknown","10.144.34.1/24","BKH-VR-VSYS-CORP","434","none","TUNSW-BKH-PA-CORP-FW","BKH-CORP-Services","","Disabled","","UCP_HEC"
"ae1.705","Layer3","Allow-Ping","ae1.705: unknown","10.8.134.250/24","BKH-VR-VSYS-CORP","705","none","TUNSW-BKH-PA-CORP-FW","BKH-CORP-Services","","Disabled","","TQ_CDE_APPS"
"ae1.706","Layer3","Allow-Ping","ae1.706: unknown","10.8.135.250/24","BKH-VR-VSYS-CORP","706","none","TUNSW-BKH-PA-CORP-FW","BKH-CORP-Services","","Disabled","","TQ_CDE_DB"
"ae1.800","Layer3","Allow-Ping","ae1.800: unknown","10.145.7.1/28","BKH-VR-VSYS-CORP","800","none","TUNSW-BKH-PA-CORP-FW","BKH-CORP-Services","","Disabled","","Ent_Recon"
"ae1.801","Layer3","Allow-Ping","ae1.801: unknown","10.145.7.17/28","BKH-VR-VSYS-CORP","801","none","TUNSW-BKH-PA-CORP-FW","BKH-CORP-Services","","Disabled","","SEMA_QLD_JUMPBOX"
"ae1.902","Layer3","Allow-Ping","ae1.902: unknown","10.145.22.1/24","BKH-VR-VSYS-CORP","902","none","TUNSW-BKH-PA-CORP-FW","BKH-CORP-Services","","Disabled","","ServiceNow_BKH"
"ae1.904","Layer3","Allow-Ping","ae1.904: unknown","10.144.24.1/24","BKH-VR-VSYS-CORP","904","none","TUNSW-BKH-PA-CORP-FW","BKH-CORP-Services","","Disabled","DHCP Relay","VDI_BKH_A"
"ae1.905","Layer3","Allow-Ping","ae1.905: unknown","10.144.25.1/24","BKH-VR-VSYS-CORP","905","none","TUNSW-BKH-PA-CORP-FW","BKH-CORP-Services","","Disabled","DHCP Relay","VDI_BKH_B"
"ae1.906","Layer3","Allow-Ping","ae1.906: unknown","10.144.26.1/24","BKH-VR-VSYS-CORP","906","none","TUNSW-BKH-PA-CORP-FW","BKH-CORP-Services","","Disabled","DHCP Relay","VDI_BKH_C"
"ae1.907","Layer3","Allow-Ping","ae1.907: unknown","10.144.27.1/24","BKH-VR-VSYS-CORP","907","none","TUNSW-BKH-PA-CORP-FW","BKH-CORP-Services","","Disabled","DHCP Relay","VDI_BKH_D"
"ae1.1016","Layer3","Allow-Ping","ae1.1016: unknown","10.145.216.1/24","BKH-VR-VSYS-CORP","1016","none","TUNSW-BKH-PA-CORP-FW","BKH-CORP-Services","","Disabled","","Corp_CUBE_LAN"
"ae1.1100","Layer3","Allow-Ping","ae1.1100: unknown","10.11.5.1/24","BKH-VR-VSYS-DEVTEST","1100","none","TUNSW-BKH-PA-DEVTEST-FW","BKH-DEVTEST-Services","","Disabled","","f5_dev_extvip"
"ae1.1101","Layer3","Allow-Ping","ae1.1101: unknown","10.11.6.1/24","BKH-VR-VSYS-DEVTEST","1101","none","TUNSW-BKH-PA-DEVTEST-FW","BKH-DEVTEST-Services","","Disabled","","f5_dev_extsnat"
"ae1.1104","Layer3","Allow-Ping","ae1.1104: unknown","10.10.2.1/24","BKH-VR-VSYS-TOLL-DR","1104","none","TUNSW-BKH-PA-TOLL-DR-FW","BKH-TOLLDR-Services","","Disabled","","VLAN1104"
"ae1.1105","Layer3","Allow-Ping","ae1.1105: unknown","10.11.3.1/24","BKH-VR-VSYS-CORP","1105","none","TUNSW-BKH-PA-CORP-FW","BKH-CORP-Services","","Disabled","","f5_corp_extvip"
"ae1.1106","Layer3","Allow-Ping","ae1.1106: unknown","10.11.4.1/24","BKH-VR-VSYS-CORP","1106","none","TUNSW-BKH-PA-CORP-FW","BKH-CORP-Services","","Disabled","","f5_corp_extsnat"
"ae1.1108","Layer3","Allow-Ping","ae1.1108: unknown","10.11.253.1/24","BKH-VR-VSYS-TOLL-DR","1108","none","TUNSW-BKH-PA-TOLL-DR-FW","BKH-TOLLDR-Services","","Disabled","","Glide_DR_User_Jumphost"
"ae1.1109","Layer3","Allow-Ping","ae1.1109: unknown","10.11.252.1/24","BKH-VR-VSYS-TOLL-DR","1109","none","TUNSW-BKH-PA-TOLL-DR-FW","BKH-TOLLDR-Services","","Disabled","","GlideDR_Gantry_laptop"
"ae1.1111","Layer3","Allow-Ping","ae1.1111: unknown","10.11.7.1/24","BKH-VR-VSYS-DEVTEST","1111","none","TUNSW-BKH-PA-DEVTEST-FW","BKH-DEVTEST-Services","","Disabled","","f5_dev_glide_extvip_admin"
"ae1.1205","Layer3","Allow-Ping","ae1.1205: unknown","10.10.3.1/24","BKH-VR-VSYS-CORP-DR","1205","none","TUNSW-BKH-PA-CORP-DR-FW","BKH-CORPDR-Services","","Disabled","","f5_corp_extvip_DR"
"ae1.1206","Layer3","Allow-Ping","ae1.1206: unknown","10.10.4.1/24","BKH-VR-VSYS-CORP-DR","1206","none","TUNSW-BKH-PA-CORP-DR-FW","BKH-CORPDR-Services","","Disabled","","f5_corp_extsnat_DR"
"ae1.1211","Layer3","Allow-NW-MGMT-Traffic","ae1.1211: unknown","10.3.2.129/29","BKH-VR-VSYS-CORP","1211","none","TUNSW-BKH-PA-CORP-FW","BKH-CORP-LAN_Core","","Disabled","Netflow Profile: Netflow-Servers","BKH-CORP-FW_Handoff"
"ae1.1212","Layer3","Allow-NW-MGMT-Traffic","ae1.1212: unknown","10.3.2.137/29","BKH-VR-VSYS-TOLL","1212","none","TUNSW-BKH-PA-TOLL-FW","BKH-TOLL-LAN_Core","","Disabled","Netflow Profile: Netflow-Servers","BKH_TOLL-FW_Handoff"
"ae1.1213","Layer3","Allow-NW-MGMT-Traffic","ae1.1213: unknown","10.3.2.145/29","BKH-VR-VSYS-DEVTEST","1213","none","TUNSW-BKH-PA-DEVTEST-FW","BKH-DEVTEST-LAN_Core","","Disabled","Netflow Profile: Netflow-Servers","BKH_DevTest_CoreHandoff"
"ae1.1214","Layer3","Allow-NW-MGMT-Traffic","ae1.1214: unknown","10.3.2.153/29","BKH-VR-VSYS-TOLL-DR","1214","none","TUNSW-BKH-PA-TOLL-DR-FW","BKH-TOLLDR-LAN_Core","","Disabled","Netflow Profile: Netflow-Servers","GlideDR_CoreHandoff"
"ae1.1216","Layer3","Allow-NW-MGMT-Traffic","ae1.1216: unknown","10.3.2.241/29","BKH-VR-VSYS-CORP-DR","1216","none","TUNSW-BKH-PA-CORP-DR-FW","BKH-CORPDR-LAN_Core","","Disabled","Netflow Profile: Netflow-Servers","#NSW-CORP-DR-FW-Handoff"
"ae1.1299","Layer3","Allow-Ping","ae1.1299: unknown","10.3.2.105/29","BKH-VR-VSYS-CORP","1299","none","TUNSW-BKH-PA-CORP-FW","BKH-CORP-LAN_Core","","Disabled","","Test interface"
"ae1.1500","Layer3","Allow-Ping","ae1.1500: unknown","172.17.200.254/24","BKH-VR-VSYS-TOLL-DR","1500","none","TUNSW-BKH-PA-TOLL-DR-FW","BKH-TOLLDR-Services","","Disabled","","BKH-Server-Subnet-GLIDe-DRT"
"ae1.1575","Layer3","Allow-Ping","ae1.1575: unknown","10.52.75.1/24","BKH-VR-VSYS-CORP-DR","1575","none","TUNSW-BKH-PA-CORP-DR-FW","BKH-CORPDR-Services","","Disabled","","Axway Server - 1575_EA_P_APP_SEC_TENANT_DR"
"ae1.1607","Layer3","Allow-Ping","ae1.1607: unknown","10.53.7.1/24","BKH-VR-VSYS-CORP","1607","none","TUNSW-BKH-PA-CORP-FW","BKH-CORP-Services","","Disabled","","vRA workload Zone 1 General"
"ae1.1615","Layer3","Allow-Ping","ae1.1615: unknown","10.53.15.1/24","BKH-VR-VSYS-CORP","1615","none","TUNSW-BKH-PA-CORP-FW","BKH-CORP-Services","","Disabled","","vRA workload Zone 1 Secure"
"ae1.1671","Layer3","Allow-Ping","ae1.1671: unknown","10.53.71.1/24","BKH-VR-VSYS-CORP","1671","none","TUNSW-BKH-PA-CORP-FW","BKH-CORP-Services","","Disabled","","vRA workload Zone 2 General"
"ae1.1679","Layer3","Allow-Ping","ae1.1679: unknown","10.53.79.1/24","BKH-VR-VSYS-CORP","1679","none","TUNSW-BKH-PA-CORP-FW","BKH-CORP-Services","","Disabled","","vRA workload Zone 2 Secure"
"ae1.1735","Layer3","Allow-Ping","ae1.1735: unknown","10.53.135.1/24","BKH-VR-VSYS-CORP","1735","none","TUNSW-BKH-PA-CORP-FW","BKH-CORP-Services","","Disabled","","vRA workload Zone 3 General"
"ae1.1741","Layer3","Allow-Ping","ae1.1741: unknown","10.53.141.1/24","BKH-VR-VSYS-CORP","1741","none","TUNSW-BKH-PA-CORP-FW","BKH-CORP-Services","","Disabled","","vRA workload Zone 3 Secure"
"ae1.1807","Layer3","Allow-Ping","ae1.1807: unknown","10.225.7.1/24","BKH-VR-VSYS-CORP","1807","none","TUNSW-BKH-PA-CORP-FW","BKH-CORP-Services","","Disabled","","vRA workload Zone 1 General"
"ae1.1815","Layer3","Allow-Ping","ae1.1815: unknown","10.225.15.1/24","BKH-VR-VSYS-CORP","1815","none","TUNSW-BKH-PA-CORP-FW","BKH-CORP-Services","","Disabled","","vRA workload Zone 1 Secure"
"ae1.1871","Layer3","Allow-Ping","ae1.1871: unknown","10.225.71.1/24","BKH-VR-VSYS-CORP","1871","none","TUNSW-BKH-PA-CORP-FW","BKH-CORP-Services","","Disabled","","vRA workload Zone 2 General"
"ae1.1875","Layer3","Allow-Ping","ae1.1875: unknown","10.225.75.1/24","BKH-VR-VSYS-CORP","1875","none","TUNSW-BKH-PA-CORP-FW","BKH-CORP-Services","","Disabled","","1875_EA_N_APP_SEC_TENANT"
"ae1.1876","Layer3","Allow-Ping","ae1.1876: unknown","10.225.76.1/24","BKH-VR-VSYS-CORP","1876","none","TUNSW-BKH-PA-CORP-FW","BKH-CORP-Services","","Disabled","","Axway Server - 1876_EA_N_APP_SEC_TENANT"
"ae1.1879","Layer3","Allow-Ping","ae1.1879: unknown","10.225.79.1/24","BKH-VR-VSYS-CORP","1879","none","TUNSW-BKH-PA-CORP-FW","BKH-CORP-Services","","Disabled","","vRA workload Zone 2 Secure"
"ae1.1935","Layer3","Allow-Ping","ae1.1935: unknown","10.225.135.1/24","BKH-VR-VSYS-CORP","1935","none","TUNSW-BKH-PA-CORP-FW","BKH-CORP-Services","","Disabled","","vRA workload Zone 3 General"
"ae1.1941","Layer3","Allow-Ping","ae1.1941: unknown","10.225.141.1/24","BKH-VR-VSYS-CORP","1941","none","TUNSW-BKH-PA-CORP-FW","BKH-CORP-Services","","Disabled","","vRA workload Zone 3 Secure"
"ae1.2010","Layer3","Allow-Ping","ae1.2010: unknown","10.144.8.2/24","BKH-VR-VSYS-CORP-DR","2010","none","TUNSW-BKH-PA-CORP-DR-FW","BKH-CORPDR-Services","","Disabled","","BKH_PRD_DR_HighlyConfidential_DB"
"ae1.2048","Layer3","Allow-Ping","ae1.2048: unknown","10.144.248.1/24","BKH-VR-VSYS-CORP-DR","2048","none","TUNSW-BKH-PA-CORP-DR-FW","BKH-CORPDR-Services","","Disabled","","Corp_Jump_vlan_DR"
"ae1.2128","Layer3","Allow-Ping","ae1.2128: unknown","10.145.128.1/24","BKH-VR-VSYS-CORP","2128","none","TUNSW-BKH-PA-CORP-FW","BKH-CORP-Services","","Disabled","","FireEye_Management_BKH"
"ae1.2267","Layer3","Allow-Ping","ae1.2267: unknown","10.55.67.1/24","BKH-VR-VSYS-CORP","2267","none","TUNSW-BKH-PA-CORP-FW","BKH-CORP-Services","","Disabled","","Call Recording SVI PCI CHG0166910 RL 21.06.2018"
"ae1.2502","Layer3","Allow-Ping","ae1.2502: unknown","10.236.130.1/24","MSS_VR","2502","none","MSS","MSS_N_APP_HIGH","","Disabled","","TQ Backup Network"
"ae1.2801","Layer3","Allow-Ping","ae1.2801: unknown","10.209.1.1/24","BKH-VR-VSYS-CORP","2801","none","TUNSW-BKH-PA-CORP-FW","BKH-CORP-Services","","Disabled","DHCP Relay","VDI_ITS_Internal_Z3"
"ae1.3305","Layer3","Allow-Ping","ae1.3305: unknown","10.63.3.1/24","BKH-VR-VSYS-CORP-DR","3305","none","TUNSW-BKH-PA-CORP-DR-FW","BKH-CORPDR-Services","","Disabled","","Axway Edge Server - 3305_DMZ_EXT_Internet_DR"
"ae1.3832","Layer3","Allow-Ping","ae1.3832: unknown","10.53.136.1/29","BKH-VR-VSYS-CORP","3832","none","TUNSW-BKH-PA-CORP-FW","BKH-CORP-Services","","Disabled","","3832_EA_P_PRS_SEC_ADC_XCONN"
"ae5","Layer3","","Type: lacp;State: Enabled;Mode: Passive;Local Key: 20;Local MAC: 08:30:6b:83:ec:01;Local Priority: 32768;Partner Key: 17;Partner MAC: a8:4f:b1:14:5a:a3;Partner Priority: 32768;Member (ethernet1/15): active;Member (ethernet1/9): active;Member (ethernet1/10): active","none","none","Untagged","none","none","none","","Disabled","LACP Enable","Southbound_to_Swimlanes_VRFs"
"ae5.212","Layer3","Allow-Ping","ae5.212: unknown","10.122.1.17/29","EA_VR","212","none","EA","EA_BMS_SEC","","Disabled","","EA_BMS_To_COR"
"ae5.1250","Layer3","Allow-Ping","ae5.1250: unknown","10.8.104.250/24","EA_VR","1250","none","EA","EA_P_APP_GEN","","Disabled","","1250_LC_DC2_CORP_DATA"
"ae5.1251","Layer3","Allow-Ping","ae5.1251: unknown","10.8.167.250/24","EA_VR","1251","none","EA","EA_P_PRS_SEC","","Disabled","","1251_LC_DC2_TERMINAL_SRV"
"ae5.1252","Layer3","Allow-Ping","ae5.1252: unknown","10.8.203.250/24","EA_VR","1252","none","EA","EA_P_APP_GEN","","Disabled","","1252_LC_N_DC2_CENTRAL_APPS"
"ae5.1253","Layer3","Allow-Ping","ae5.1253: unknown","10.8.204.250/24","EA_VR","1253","none","EA","EA_P_DAT_GEN","","Disabled","","1253_LC_DC2_CORP_DATA_DEV"
"ae5.1254","Layer3","Allow-Ping","ae5.1254: unknown","10.8.205.250/24","EA_VR","1254","none","EA","EA_P_APP_GEN","","Disabled","","1254_LC_DC2_DEV_GENERAL"
"ae5.1300","Layer3","Allow-Ping","ae5.1300: unknown","10.202.128.1/24","MSS_VR","1300","none","MSS","MSS_N_APP_HIGH","","Disabled","","1300_MSS_DC1_N_APP_HIGH_TENANT_1"
"ae5.1301","Layer3","Allow-Ping","ae5.1301: unknown","10.202.129.1/24","MSS_VR","1301","none","MSS","MSS_N_APP_HIGH","","Disabled","","1301_MSS_DC1_N_APP_HIGH_ESX-OOB"
"ae5.1302","Layer3","Allow-Ping","ae5.1302: unknown","10.202.130.1/24","MSS_VR","1302","none","MSS","MSS_N_APP_HIGH","","Disabled","","1302_MSS_DC1_N_APP_HIGH_TENANT_3"
"ae5.1303","Layer3","Allow-Ping","ae5.1303: unknown","10.202.131.1/24","MSS_VR","1303","none","MSS","MSS_N_APP_HIGH","","Disabled","","1303_MSS_DC1_N_APP_HIGH_TENANT_4"
"ae5.1304","Layer3","Allow-Ping","ae5.1304: unknown","10.202.132.1/24","MSS_VR","1304","none","MSS","MSS_N_APP_HIGH","","Disabled","","1304_MSS_DC1_N_APP_HIGH_TENANT_5"
"ae5.1305","Layer3","Allow-Ping","ae5.1305: unknown","10.202.133.1/24","MSS_VR","1305","none","MSS","MSS_N_APP_HIGH","","Disabled","","1305_MSS_DC1_N_APP_HIGH_TENANT_6"
"ae5.1306","Layer3","Allow-Ping","ae5.1306: unknown","10.202.134.1/24","MSS_VR","1306","none","MSS","MSS_N_APP_HIGH","","Disabled","","1306_MSS_DC1_N_APP_HIGH_TENANT_7"
"ae5.1307","Layer3","Allow-Ping","ae5.1307: unknown","10.202.135.1/24","MSS_VR","1307","none","MSS","MSS_N_APP_HIGH","","Disabled","","1307_MSS_DC1_N_APP_HIGH_TENANT_8"
"ae5.1308","Layer3","Allow-Ping","ae5.1308: unknown","10.202.136.1/24","MSS_VR","1308","none","MSS","MSS_N_APP_MED","","Disabled","","1308_MSS_DC1_N_APP_MED_TENANT_1"
"ae5.1309","Layer3","Allow-Ping","ae5.1309: unknown","10.202.137.1/24","MSS_VR","1309","none","MSS","MSS_N_APP_MED","","Disabled","","1309_MSS_DC1_N_APP_MED_TENANT_2"
"ae5.1310","Layer3","Allow-Ping","ae5.1310: unknown","10.202.138.1/24","MSS_VR","1310","none","MSS","MSS_N_APP_MED","","Disabled","","1310_MSS_DC1_N_APP_MED_ESX-FRONT"
"ae5.1311","Layer3","Allow-Ping","ae5.1311: unknown","10.202.139.1/24","MSS_VR","1311","none","MSS","MSS_N_APP_MED","","Disabled","","1311_MSS_DC1_N_APP_MED_TENANT_4"
"ae5.1312","Layer3","Allow-Ping","ae5.1312: unknown","10.202.140.1/24","MSS_VR","1312","none","MSS","MSS_N_APP_MED","","Disabled","","1312_MSS_DC1_N_APP_MED_TENANT_5"
"ae5.1313","Layer3","Allow-Ping","ae5.1313: unknown","10.202.141.1/24","MSS_VR","1313","none","MSS","MSS_N_APP_MED","","Disabled","","1313_MSS_DC1_N_APP_MED_TENANT_6"
"ae5.1314","Layer3","Allow-Ping","ae5.1314: unknown","10.202.142.1/24","MSS_VR","1314","none","MSS","MSS_N_APP_MED","","Disabled","","1314_MSS_DC1_N_APP_MED_TENANT_7"
"ae5.1315","Layer3","Allow-Ping","ae5.1315: unknown","10.202.143.1/24","MSS_VR","1315","none","MSS","MSS_N_APP_MED","","Disabled","","1315_MSS_DC1_N_APP_MED_TENANT_8"
"ae5.1316","Layer3","Allow-Ping","ae5.1316: unknown","10.202.144.1/24","MSS_VR","1316","none","MSS","MSS_N_APP_LOW","","Disabled","","1316_MSS_DC1_N_APP_LOW_TENANT_1"
"ae5.1317","Layer3","Allow-Ping","ae5.1317: unknown","10.202.145.1/24","MSS_VR","1317","none","MSS","MSS_N_APP_LOW","","Disabled","","1317_MSS_DC1_N_APP_LOW_TENANT_2"
"ae5.1318","Layer3","Allow-Ping","ae5.1318: unknown","10.202.146.1/24","MSS_VR","1318","none","MSS","MSS_N_APP_LOW","","Disabled","","1318_MSS_DC1_N_APP_LOW_TENANT_3"
"ae5.1319","Layer3","Allow-Ping","ae5.1319: unknown","10.202.147.1/24","MSS_VR","1319","none","MSS","MSS_N_APP_LOW","","Disabled","","1319_MSS_DC1_N_APP_LOW_TENANT_4"
"ae5.1320","Layer3","Allow-Ping","ae5.1320: unknown","10.202.148.1/24","MSS_VR","1320","none","MSS","MSS_N_APP_LOW","","Disabled","","1320_MSS_DC1_N_APP_LOW_TENANT_5"
"ae5.1321","Layer3","Allow-Ping","ae5.1321: unknown","10.202.149.1/24","MSS_VR","1321","none","MSS","MSS_N_APP_LOW","","Disabled","","1321_MSS_DC1_N_APP_LOW_TENANT_6"
"ae5.1322","Layer3","Allow-Ping","ae5.1322: unknown","10.202.150.1/24","MSS_VR","1322","none","MSS","MSS_N_APP_LOW","","Disabled","","1322_MSS_DC1_N_APP_LOW_TENANT_7"
"ae5.1323","Layer3","Allow-Ping","ae5.1323: unknown","10.202.151.1/24","MSS_VR","1323","none","MSS","MSS_N_APP_LOW","","Disabled","","1323_MSS_DC1_N_APP_LOW_TENANT_8"
"ae5.1332","Layer3","Allow-Ping","ae5.1332: unknown","10.202.160.1/24","MSS_VR","1332","none","MSS","MSS_N_DAT_HIGH","","Disabled","","1332_MSS_DC1_N_DAT_HIGH_TENANT_1"
"ae5.1333","Layer3","Allow-Ping","ae5.1333: unknown","10.202.161.1/24","MSS_VR","1333","none","MSS","MSS_N_DAT_HIGH","","Disabled","","1333_MSS_DC1_N_DAT_HIGH_TENANT_2"
"ae5.1334","Layer3","Allow-Ping","ae5.1334: unknown","10.202.162.1/24","MSS_VR","1334","none","MSS","MSS_N_DAT_HIGH","","Disabled","","1334_MSS_DC1_N_DAT_HIGH_TENANT_3"
"ae5.1335","Layer3","Allow-Ping","ae5.1335: unknown","10.202.163.1/24","MSS_VR","1335","none","MSS","MSS_N_DAT_HIGH","","Disabled","","1335_MSS_DC1_N_DAT_HIGH_TENANT_4"
"ae5.1336","Layer3","Allow-Ping","ae5.1336: unknown","10.202.164.1/24","MSS_VR","1336","none","MSS","MSS_N_DAT_HIGH","","Disabled","","1336_MSS_DC1_N_DAT_HIGH_TENANT_5"
"ae5.1337","Layer3","Allow-Ping","ae5.1337: unknown","10.202.165.1/24","MSS_VR","1337","none","MSS","MSS_N_DAT_HIGH","","Disabled","","1337_MSS_DC1_N_DAT_HIGH_TENANT_6"
"ae5.1338","Layer3","Allow-Ping","ae5.1338: unknown","10.202.166.1/24","MSS_VR","1338","none","MSS","MSS_N_DAT_HIGH","","Disabled","","1338_MSS_DC1_N_DAT_HIGH_TENANT_7"
"ae5.1339","Layer3","Allow-Ping","ae5.1339: unknown","10.202.167.1/24","MSS_VR","1339","none","MSS","MSS_N_DAT_HIGH","","Disabled","","1339_MSS_DC1_N_DAT_HIGH_TENANT_8"
"ae5.1340","Layer3","Allow-Ping","ae5.1340: unknown","10.202.168.1/24","MSS_VR","1340","none","MSS","MSS_N_DAT_MED","","Disabled","","1340_MSS_DC1_N_DAT_MED_TENANT_1"
"ae5.1341","Layer3","Allow-Ping","ae5.1341: unknown","10.202.169.1/24","MSS_VR","1341","none","MSS","MSS_N_DAT_MED","","Disabled","","1341_MSS_DC1_N_DAT_MED_TENANT_2"
"ae5.1342","Layer3","Allow-Ping","ae5.1342: unknown","10.202.170.1/24","MSS_VR","1342","none","MSS","MSS_N_DAT_MED","","Disabled","","1342_MSS_DC1_N_DAT_MED_TENANT_3"
"ae5.1343","Layer3","Allow-Ping","ae5.1343: unknown","10.202.171.1/24","MSS_VR","1343","none","MSS","MSS_N_DAT_MED","","Disabled","","1343_MSS_DC1_N_DAT_MED_TENANT_4"
"ae5.1344","Layer3","Allow-Ping","ae5.1344: unknown","10.202.172.1/24","MSS_VR","1344","none","MSS","MSS_N_DAT_MED","","Disabled","","1344_MSS_DC1_N_DAT_MED_TENANT_5"
"ae5.1345","Layer3","Allow-Ping","ae5.1345: unknown","10.202.173.1/24","MSS_VR","1345","none","MSS","MSS_N_DAT_MED","","Disabled","","1345_MSS_DC1_N_DAT_MED_TENANT_6"
"ae5.1346","Layer3","Allow-Ping","ae5.1346: unknown","10.202.174.1/24","MSS_VR","1346","none","MSS","MSS_N_DAT_MED","","Disabled","","1346_MSS_DC1_N_DAT_MED_TENANT_7"
"ae5.1347","Layer3","Allow-Ping","ae5.1347: unknown","10.202.175.1/24","MSS_VR","1347","none","MSS","MSS_N_DAT_MED","","Disabled","","1347_MSS_DC1_N_DAT_MED_TENANT_8"
"ae5.1348","Layer3","Allow-Ping","ae5.1348: unknown","10.202.176.1/24","MSS_VR","1348","none","MSS","MSS_N_DAT_LOW","","Disabled","","1348_MSS_DC1_N_DAT_LOW_TENANT_1"
"ae5.1349","Layer3","Allow-Ping","ae5.1349: unknown","10.202.177.1/24","MSS_VR","1349","none","MSS","MSS_N_DAT_LOW","","Disabled","","1349_MSS_DC1_N_DAT_LOW_TENANT_2"
"ae5.1350","Layer3","Allow-Ping","ae5.1350: unknown","10.202.178.1/24","MSS_VR","1350","none","MSS","MSS_N_DAT_LOW","","Disabled","","1350_MSS_DC1_N_DAT_LOW_TENANT_3"
"ae5.1351","Layer3","Allow-Ping","ae5.1351: unknown","10.202.179.1/24","MSS_VR","1351","none","MSS","MSS_N_DAT_LOW","","Disabled","","1351_MSS_DC1_N_DAT_LOW_TENANT_4"
"ae5.1352","Layer3","Allow-Ping","ae5.1352: unknown","10.202.180.1/24","MSS_VR","1352","none","MSS","MSS_N_DAT_LOW","","Disabled","","1352_MSS_DC1_N_DAT_LOW_TENANT_5"
"ae5.1353","Layer3","Allow-Ping","ae5.1353: unknown","10.202.181.1/24","MSS_VR","1353","none","MSS","MSS_N_DAT_LOW","","Disabled","","1353_MSS_DC1_N_DAT_LOW_TENANT_6"
"ae5.1354","Layer3","Allow-Ping","ae5.1354: unknown","10.202.182.1/24","MSS_VR","1354","none","MSS","MSS_N_DAT_LOW","","Disabled","","1354_MSS_DC1_N_DAT_LOW_TENANT_7"
"ae5.1355","Layer3","Allow-Ping","ae5.1355: unknown","10.202.183.1/24","MSS_VR","1355","none","MSS","MSS_N_DAT_LOW","","Disabled","","1355_MSS_DC1_N_DAT_LOW_TENANT_8"
"ae5.1611","Layer3","Allow-Ping","ae5.1611: unknown","10.53.11.1/24","EA_VR","1611","none","EA","EA_P_DAT_SEC","","Disabled","","1611_EA_P_DAT_SEC_TENANT1"
"ae5.1677","Layer3","Allow-Ping","ae5.1677: unknown","10.53.77.1/24","EA_VR","1677","none","EA","EA_P_APP_SEC","","Disabled","","1677_EA_P_APP_SEC_TENANT1"
"ae5.1811","Layer3","Allow-Ping","ae5.1811: unknown","10.225.11.1/24","EA_VR","1811","none","EA","EA_N_DAT_SEC","","Disabled","","1811_EA_N_DAT_SEC_TENANT1"
"ae5.1877","Layer3","Allow-Ping","ae5.1877: unknown","10.225.77.1/24","EA_VR","1877","none","EA","EA_N_APP_SEC","","Disabled","","1877_EA_N_APP_SEC_TENANT1"
"ae5.2500","Layer3","Allow-Ping","ae5.2500: unknown","10.236.128.1/24","MSS_VR","2500","none","MSS","MSS_APP_HIGH","","Disabled","","MSS_APP_HIGH"
"ae5.2501","Layer3","Allow-Ping","ae5.2501: unknown","10.236.129.1/24","MSS_VR","2501","none","MSS","MSS_APP_HIGH","","Disabled","","MSS_APP_HIGH"
"ae5.2503","Layer3","Allow-Ping","ae5.2503: unknown","10.236.131.1/24","MSS_VR","2503","none","MSS","MSS_APP_HIGH","","Disabled","","MSS_APP_HIGH"
"ae5.2504","Layer3","Allow-Ping","ae5.2504: unknown","10.236.132.1/24","MSS_VR","2504","none","MSS","MSS_APP_HIGH","","Disabled","","MSS_APP_HIGH"
"ae5.2505","Layer3","Allow-Ping","ae5.2505: unknown","10.236.133.1/24","MSS_VR","2505","none","MSS","MSS_APP_HIGH","","Disabled","","MSS_APP_HIGH"
"ae5.2506","Layer3","Allow-Ping","ae5.2506: unknown","10.236.134.1/24","MSS_VR","2506","none","MSS","MSS_APP_HIGH","","Disabled","","MSS_APP_HIGH"
"ae5.2507","Layer3","Allow-Ping","ae5.2507: unknown","10.236.135.1/24","MSS_VR","2507","none","MSS","MSS_APP_HIGH","","Disabled","","MSS_APP_HIGH"
"ae5.2508","Layer3","Allow-Ping","ae5.2508: unknown","10.236.136.1/24","MSS_VR","2508","none","MSS","MSS_APP_MED","","Disabled","","MSS_APP_MED"
"ae5.2509","Layer3","Allow-Ping","ae5.2509: unknown","10.236.137.1/24","MSS_VR","2509","none","MSS","MSS_APP_MED","","Disabled","","MSS_APP_MED"
"ae5.2510","Layer3","Allow-Ping","ae5.2510: unknown","10.236.138.1/24","MSS_VR","2510","none","MSS","MSS_APP_MED","","Disabled","","MSS_APP_MED"
"ae5.2511","Layer3","Allow-Ping","ae5.2511: unknown","10.236.139.1/24","MSS_VR","2511","none","MSS","MSS_APP_MED","","Disabled","","MSS_APP_MED"
"ae5.2512","Layer3","Allow-Ping","ae5.2512: unknown","10.236.140.1/24","MSS_VR","2512","none","MSS","MSS_APP_MED","","Disabled","","MSS_APP_MED"
"ae5.2513","Layer3","Allow-Ping","ae5.2513: unknown","10.236.141.1/24","MSS_VR","2513","none","MSS","MSS_APP_MED","","Disabled","","MSS_APP_MED"
"ae5.2514","Layer3","Allow-Ping","ae5.2514: unknown","10.236.142.1/24","MSS_VR","2514","none","MSS","MSS_APP_MED","","Disabled","","MSS_APP_MED"
"ae5.2515","Layer3","Allow-Ping","ae5.2515: unknown","10.236.143.1/24","MSS_VR","2515","none","MSS","MSS_APP_MED","","Disabled","","MSS_APP_MED"
"ae5.2516","Layer3","Allow-Ping","ae5.2516: unknown","10.236.144.1/24","MSS_VR","2516","none","MSS","MSS_APP_LOW","","Disabled","","MSS_APP_LOW"
"ae5.2517","Layer3","Allow-Ping","ae5.2517: unknown","10.236.145.1/24","MSS_VR","2517","none","MSS","MSS_APP_LOW","","Disabled","","MSS_APP_LOW"
"ae5.2518","Layer3","Allow-Ping","ae5.2518: unknown","10.236.146.1/24","MSS_VR","2518","none","MSS","MSS_APP_LOW","","Disabled","","MSS_APP_LOW"
"ae5.2519","Layer3","Allow-Ping","ae5.2519: unknown","10.236.147.1/24","MSS_VR","2519","none","MSS","MSS_APP_LOW","","Disabled","","MSS_APP_LOW"
"ae5.2520","Layer3","Allow-Ping","ae5.2520: unknown","10.236.148.1/24","MSS_VR","2520","none","MSS","MSS_APP_LOW","","Disabled","","MSS_APP_LOW"
"ae5.2521","Layer3","Allow-Ping","ae5.2521: unknown","10.236.149.1/24","MSS_VR","2521","none","MSS","MSS_APP_LOW","","Disabled","","MSS_APP_LOW"
"ae5.2522","Layer3","Allow-Ping","ae5.2522: unknown","10.236.150.1/24","MSS_VR","2522","none","MSS","MSS_APP_LOW","","Disabled","","MSS_APP_LOW"
"ae5.2523","Layer3","Allow-Ping","ae5.2523: unknown","10.236.151.1/24","MSS_VR","2523","none","MSS","MSS_APP_LOW","","Disabled","","MSS_APP_LOW"
"ae5.2532","Layer3","Allow-Ping","ae5.2532: unknown","10.236.160.1/24","MSS_VR","2532","none","MSS","MSS_DAT_HIGH","","Disabled","","MSS_DAT_HIGH"
"ae5.2533","Layer3","Allow-Ping","ae5.2533: unknown","10.236.161.1/24","MSS_VR","2533","none","MSS","MSS_DAT_HIGH","","Disabled","","MSS_DAT_HIGH"
"ae5.2534","Layer3","Allow-Ping","ae5.2534: unknown","10.236.162.1/24","MSS_VR","2534","none","MSS","MSS_DAT_HIGH","","Disabled","","MSS_DAT_HIGH"
"ae5.2535","Layer3","Allow-Ping","ae5.2535: unknown","10.236.163.1/24","MSS_VR","2535","none","MSS","MSS_DAT_HIGH","","Disabled","","MSS_DAT_HIGH"
"ae5.2536","Layer3","Allow-Ping","ae5.2536: unknown","10.236.164.1/24","MSS_VR","2536","none","MSS","MSS_DAT_HIGH","","Disabled","","MSS_DAT_HIGH"
"ae5.2537","Layer3","Allow-Ping","ae5.2537: unknown","10.236.165.1/24","MSS_VR","2537","none","MSS","MSS_DAT_HIGH","","Disabled","","MSS_DAT_HIGH"
"ae5.2538","Layer3","Allow-Ping","ae5.2538: unknown","10.236.166.1/24","MSS_VR","2538","none","MSS","MSS_DAT_HIGH","","Disabled","","MSS_DAT_HIGH"
"ae5.2539","Layer3","Allow-Ping","ae5.2539: unknown","10.236.167.1/24","MSS_VR","2539","none","MSS","MSS_DAT_HIGH","","Disabled","","MSS_DAT_HIGH"
"ae5.2540","Layer3","Allow-Ping","ae5.2540: unknown","10.236.168.1/24","MSS_VR","2540","none","MSS","MSS_DAT_MED","","Disabled","","MSS_DAT_MED"
"ae5.2541","Layer3","Allow-Ping","ae5.2541: unknown","10.236.169.1/24","MSS_VR","2541","none","MSS","MSS_DAT_MED","","Disabled","","MSS_DAT_MED"
"ae5.2542","Layer3","Allow-Ping","ae5.2542: unknown","10.236.170.1/24","MSS_VR","2542","none","MSS","MSS_DAT_MED","","Disabled","","MSS_DAT_MED"
"ae5.2543","Layer3","Allow-Ping","ae5.2543: unknown","10.236.171.1/24","MSS_VR","2543","none","MSS","MSS_DAT_MED","","Disabled","","MSS_DAT_MED"
"ae5.2544","Layer3","Allow-Ping","ae5.2544: unknown","10.236.172.1/24","MSS_VR","2544","none","MSS","MSS_DAT_MED","","Disabled","","MSS_DAT_MED"
"ae5.2545","Layer3","Allow-Ping","ae5.2545: unknown","10.236.173.1/24","MSS_VR","2545","none","MSS","MSS_DAT_MED","","Disabled","","MSS_DAT_MED"
"ae5.2546","Layer3","Allow-Ping","ae5.2546: unknown","10.236.174.1/24","MSS_VR","2546","none","MSS","MSS_DAT_MED","","Disabled","","MSS_DAT_MED"
"ae5.2547","Layer3","Allow-Ping","ae5.2547: unknown","10.236.175.1/24","MSS_VR","2547","none","MSS","MSS_DAT_MED","","Disabled","","MSS_DAT_MED"
"ae5.2548","Layer3","Allow-Ping","ae5.2548: unknown","10.236.176.1/24","MSS_VR","2548","none","MSS","MSS_DAT_LOW","","Disabled","","MSS_DAT_LOW"
"ae5.2549","Layer3","Allow-Ping","ae5.2549: unknown","10.236.177.1/24","MSS_VR","2549","none","MSS","MSS_DAT_LOW","","Disabled","","MSS_DAT_LOW"
"ae5.2550","Layer3","Allow-Ping","ae5.2550: unknown","10.236.178.1/24","MSS_VR","2550","none","MSS","MSS_DAT_LOW","","Disabled","","MSS_DAT_LOW"
"ae5.2551","Layer3","Allow-Ping","ae5.2551: unknown","10.236.179.1/24","MSS_VR","2551","none","MSS","MSS_DAT_LOW","","Disabled","","MSS_DAT_LOW"
"ae5.2552","Layer3","Allow-Ping","ae5.2552: unknown","10.236.180.1/24","MSS_VR","2552","none","MSS","MSS_DAT_LOW","","Disabled","","MSS_DAT_LOW"
"ae5.2553","Layer3","Allow-Ping","ae5.2553: unknown","10.236.181.1/24","MSS_VR","2553","none","MSS","MSS_DAT_LOW","","Disabled","","MSS_DAT_LOW"
"ae5.2554","Layer3","Allow-Ping","ae5.2554: unknown","10.236.182.1/24","MSS_VR","2554","none","MSS","MSS_DAT_LOW","","Disabled","","MSS_DAT_LOW"
"ae5.2555","Layer3","Allow-Ping","ae5.2555: unknown","10.236.183.1/24","MSS_VR","2555","none","MSS","MSS_DAT_LOW","","Disabled","","MSS_DAT_LOW"
"ae5.2811","Layer3","Allow-Ping","ae5.2811: unknown","10.209.11.1/24","ITS_VR","2811","none","ITS","ITS_CORE","","Disabled","","2811_ITS_DC2_P_Z3_SAILPOINT"
"ae5.2812","Layer3","Allow-Ping","ae5.2812: unknown","10.209.12.1/24","ITS_VR","2812","none","ITS","ITS_CORE","","Disabled","","2812_ITS_DC2_P_Z3_JUMPHOSTS"
"ae5.2813","Layer3","Allow-Ping","ae5.2813: unknown","10.209.13.1/29","ITS_VR","2813","none","ITS","ITS_CORE","","Disabled","","2813_ITS_DC2_P_Z3_GENETEC"
"ae5.2814","Layer3","Allow-Ping","ae5.2814: unknown","10.209.13.9/29","ITS_VR","2814","none","ITS","ITS_CORE","","Disabled","","2814_ITS_DC2_N_Z3_GENETEC"
"ae5.2820","Layer3","Allow-Ping","ae5.2820: unknown","10.209.33.1/27","ITS_VR","2820","none","ITS","ITS_Z35","","Disabled","","2820_ITS_DC2_P_Z35_AD_SUPPORTINGSERVICES"
"ae5.2823","Layer3","Allow-Ping","ae5.2823: unknown","10.209.33.49/29","ITS_VR","2823","none","ITS","ITS_Z35","","Disabled","","2823_ITS_DC2_P_Z35_JUMPHOSTS"
"ae5.2824","Layer3","Allow-Ping","ae5.2824: unknown","10.209.33.57/29","ITS_VR","2824","none","ITS","ITS_Z35","","Disabled","","2824_ITS_DC2_P_Z35_ACTIVE_DIRECTORY"
"ae5.2825","Layer3","Allow-Ping","ae5.2825: unknown","10.209.33.65/29","ITS_VR","2825","none","ITS","ITS_Z35","","Disabled","","2825_ITS_DC2_P_Z35_SAILPOINT"
"ae5.2827","Layer3","Allow-Ping","ae5.2827: unknown","10.209.33.81/28","ITS_VR","2827","none","ITS","ITS_CORE","","Disabled","","2827_ITS_DC2_P_Z35_SEC_SHARED"
"ae5.2830","Layer3","Allow-Ping","ae5.2830: unknown","10.209.33.129/27","ITS_VR","2830","none","ITS","ITS_Z35","","Disabled","","2830_ITS_DC2_N_Z35_AD_SUPPORTINGSERVICES"
"ae5.2833","Layer3","Allow-Ping","ae5.2833: unknown","10.209.33.177/29","ITS_VR","2833","none","ITS","ITS_Z35","","Disabled","","2833_ITS_DC2_N_Z35_JUMPHOSTS"
"ae5.2834","Layer3","Allow-Ping","ae5.2834: unknown","10.209.33.185/29","ITS_VR","2834","none","ITS","ITS_Z35","","Disabled","","2834_ITS_DC2_N_Z35_ACTIVE_DIRECTORY"
"ae5.2835","Layer3","Allow-Ping","ae5.2835: unknown","10.209.33.193/29","ITS_VR","2835","none","ITS","ITS_Z35","","Disabled","","2835_ITS_DC2_N_Z35_SAILPOINT"
"ae5.3683","Layer3","Allow-Ping","ae5.3683: unknown","10.202.158.1/29","MSS_VR","3683","none","MSS","MSS_N_APP_HIGH","","Disabled","","MSS_DC2_N_APP_HIGH_ADC_XCONN"
"ae5.3815","Layer3","Allow-Ping","ae5.3815: unknown","10.53.0.9/29","EA_VR","3815","none","EA","EA_P_DAT_GEN","","Disabled","","EA_FW-DAT_GEN_VRF"
"ae5.3816","Layer3","Allow-Ping","ae5.3816: unknown","10.53.8.9/29","EA_VR","3816","none","EA","EA_P_DAT_SEC","","Disabled","","EA_FW-DAT_SEC_VRF"
"ae5.3825","Layer3","Allow-Ping","ae5.3825: unknown","10.53.64.9/29","EA_VR","3825","none","EA","EA_P_APP_GEN","","Disabled","","EA_FW-APP_GEN_VRF"
"ae5.3826","Layer3","Allow-Ping","ae5.3826: unknown","10.53.72.9/29","EA_VR","3826","none","EA","EA_P_APP_SEC","","Disabled","","EA_FW-APP_SEC_VRF"
"ae5.3835","Layer3","Allow-Ping","ae5.3835: unknown","10.53.128.9/29","EA_VR","3835","none","EA","EA_P_PRS_GEN","","Disabled","","EA_FW-PRS_GEN_VRF"
"ae5.3836","Layer3","Allow-Ping","ae5.3836: unknown","10.53.136.9/29","EA_VR","3836","none","EA","EA_P_PRS_SEC","","Disabled","","EA_FW-PRS_SEC_VRF"
"ae5.3861","Layer3","Allow-Ping","ae5.3861: unknown","10.209.0.9/29","ITS_VR","3861","none","ITS","ITS_CORE","","Disabled","","ITS_FW-ITS_CORE_VRF"
"ae5.3880","Layer3","Allow-Ping","ae5.3880: unknown","10.236.255.1/29","MSS_VR","3880","none","MSS","MSS_CORE","","Disabled","","MSS_FW-MSS_AGG_VRF"
"ae5.3881","Layer3","Allow-Ping","ae5.3881: unknown","10.236.255.132/29","EA_VR","3881","none","EA","EA_MSS_AGG","","Disabled","","EA_FW-MSS_AGG_VRF"
"ae5.3883","Layer3","Allow-Ping","ae5.3883: unknown","10.236.158.1/29","MSS_VR","3883","none","MSS","MSS_APP_HIGH","","Disabled","","Splunk Handoff VLAN"
"ae5.3884","Layer3","Allow-Ping","ae5.3884: unknown","10.236.158.9/29","MSS_VR","3884","none","MSS","MSS_CORE","","Disabled","",""
"ae6","Layer3","","Type: lacp;State: Enabled;Mode: Passive;Local Key: 21;Local MAC: 08:30:6b:83:ec:01;Local Priority: 32768;Partner Key: 149;Partner MAC: a8:4f:b1:14:5a:a3;Partner Priority: 32768;Member (ethernet1/18): active;Member (ethernet1/16): active;Member (ethernet1/17): active","none","none","Untagged","none","none","none","","Disabled","LACP Enable",""
"ae6.540","Layer3","Allow-Ping","ae6.540: unknown","172.22.3.44/29","EA_VR","540","none","EA","EA_TR","","Disabled","","EA_FW-TR01-02"
"ae6.580","Layer3","Allow-Ping","ae6.580: unknown","172.22.3.84/29","ITS_VR","580","none","ITS","ITS_TR","","Disabled","Netflow Profile: Netflow-Servers","ITS_FW-TR01-02"
"ae6.588","Layer3","Allow-Ping","ae6.588: unknown","172.22.3.92/29","MSS_VR","588","none","MSS","MSS_TR","","Disabled","Netflow Profile: Netflow-Servers","MSS_FW-TR01-02"
